{
  "phase1": {
    "n": 46676,
    "chance_baseline": 0.08333333333333333,
    "classifiers": {
      "LogisticRegression": {
        "accuracy": 0.08833233353329334,
        "ci_95": [
          0.08579162815020107,
          0.09094079675160067
        ],
        "lift": 1.05998800239952,
        "f1_macro": 0.04726902245981326,
        "p_binom": 5.5072713513027156e-05
      }
    },
    "best_classifier": "LogisticRegression",
    "eta_squared": 0.0003039960646215731,
    "per_sign": {
      "Capricorn": {
        "n": 3412,
        "accuracy": 0.00029308323563892143,
        "lift": 0.003516998827667057
      },
      "Aquarius": {
        "n": 3729,
        "accuracy": 0.0,
        "lift": 0.0
      },
      "Pisces": {
        "n": 3776,
        "accuracy": 0.001853813559322034,
        "lift": 0.02224576271186441
      },
      "Aries": {
        "n": 3808,
        "accuracy": 0.0,
        "lift": 0.0
      },
      "Taurus": {
        "n": 3960,
        "accuracy": 0.13712121212121212,
        "lift": 1.6454545454545455
      },
      "Gemini": {
        "n": 4109,
        "accuracy": 0.1504015575565831,
        "lift": 1.8048186906789974
      },
      "Cancer": {
        "n": 3994,
        "accuracy": 0.03605408112168253,
        "lift": 0.4326489734601903
      },
      "Leo": {
        "n": 4193,
        "accuracy": 0.5678511805389935,
        "lift": 6.814214166467923
      },
      "Virgo": {
        "n": 3947,
        "accuracy": 0.027362553838358245,
        "lift": 0.32835064606029896
      },
      "Libra": {
        "n": 4046,
        "accuracy": 0.06648541769649036,
        "lift": 0.7978250123578843
      },
      "Scorpio": {
        "n": 3926,
        "accuracy": 0.010697911360163017,
        "lift": 0.1283749363219562
      },
      "Sagittarius": {
        "n": 3776,
        "accuracy": 0.0026483050847457626,
        "lift": 0.03177966101694915
      }
    },
    "permutation_p": 0.48,
    "null_dist_mean": 0.08833104964730407,
    "null_dist_std": 0.001337122665394225
  },
  "phase2": {
    "n": 46676,
    "n_random": 500,
    "ari_zodiac_kmeans": -4.317641583785315e-05,
    "nmi_zodiac_kmeans": 0.00048462862027266734,
    "ari_random_mean": -5.327537756416648e-07,
    "ari_random_std": 3.0123739550250798e-05,
    "nmi_random_mean": 0.0005365491832910659,
    "nmi_random_std": 6.963991014130991e-05,
    "p_ari": 0.932,
    "p_nmi": 0.766,
    "inertia_kmeans": 55792.364477707146,
    "inertia_zodiac": 233309.0533984386,
    "inertia_ratio": 4.181738049328622
  },
  "phase3": {
    "n": 46676,
    "named_accuracies": {
      "zodiac": 0.1071642814294284,
      "calendar_months": 0.08773245350929815,
      "school_year": 0.18354186305596024
    },
    "random_acc_mean": 0.2597196417859285,
    "random_acc_std": 0.06786258809166287,
    "random_acc_p5": 0.17192882852001026,
    "random_acc_p95": 0.3907875567743594,
    "p_zodiac_vs_random": 1.0,
    "zodiac_percentile": 0.0
  },
  "phase4": {
    "n": 46676,
    "bandwidth": 7,
    "smoothness_ratio": 0.033114184913277465,
    "p_smooth": 0.0,
    "null_smooth_median": 2.998017277765468,
    "scales": {
      "4": {
        "n_breakpoints": 3,
        "detected_doy": [
          65,
          175,
          285
        ],
        "reference_boundaries": [
          80,
          172,
          266
        ],
        "observed_mad": 12.333333333333334,
        "null_mad_median": 56.16666666666667,
        "null_mad_p5": 21.650000000000002,
        "p_convergence": 0.014,
        "observed_percentile": 1.4000000000000001
      },
      "12": {
        "n_breakpoints": 11,
        "detected_doy": [
          15,
          35,
          65,
          90,
          105,
          125,
          175,
          210,
          240,
          255,
          285
        ],
        "reference_boundaries": [
          20,
          50,
          80,
          110,
          141,
          172,
          204,
          235,
          266,
          296,
          326
        ],
        "observed_mad": 27.272727272727273,
        "null_mad_median": 31.863636363636363,
        "null_mad_p5": 15.990909090909092,
        "p_convergence": 0.368,
        "observed_percentile": 36.8
      },
      "36": {
        "n_breakpoints": 35,
        "detected_doy": [
          5,
          15,
          25,
          35,
          45,
          50,
          60,
          65,
          70,
          85,
          90,
          100,
          105,
          125,
          130,
          150,
          165,
          175,
          195,
          205,
          210,
          220,
          235,
          240,
          255,
          260,
          275,
          285,
          295,
          305,
          320,
          335,
          345,
          355,
          360
        ],
        "reference_boundaries": [
          11,
          21,
          31,
          42,
          52,
          62,
          72,
          82,
          92,
          102,
          113,
          123,
          133,
          143,
          153,
          163,
          173,
          184,
          194,
          204,
          214,
          224,
          234,
          244,
          254,
          265,
          275,
          285,
          295,
          305,
          315,
          325,
          336,
          346,
          356
        ],
        "observed_mad": 9.0,
        "null_mad_median": 17.9,
        "null_mad_p5": 9.397142857142857,
        "p_convergence": 0.032,
        "observed_percentile": 3.2
      }
    }
  },
  "phase5": {
    "n": 46676,
    "bandwidth": 7,
    "k": 12,
    "valid_days": 365,
    "data_cuts_doy": [
      16,
      35,
      66,
      90,
      106,
      126,
      175,
      215,
      241,
      257,
      283
    ],
    "zodiac_boundaries": [
      20,
      50,
      80,
      110,
      141,
      172,
      204,
      235,
      266,
      296,
      326
    ],
    "observed_mad": 9.454545454545455,
    "null_mad_median": 8.818181818181818,
    "null_mad_p5": 6.177272727272728,
    "null_mad_p95": 12.0,
    "p_convergence": 0.658,
    "observed_percentile": 65.8
  }
}