{
  "phase1": {
    "n": 5000,
    "chance_baseline": 0.08333333333333333,
    "classifiers": {
      "LogisticRegression": {
        "accuracy": 0.3314,
        "ci_95": [
          0.3184862103012052,
          0.34457266830118705
        ],
        "lift": 3.9768,
        "f1_macro": 0.3087116853209702,
        "p_binom": 0.0
      }
    },
    "best_classifier": "LogisticRegression",
    "eta_squared": 0.23148774287964172,
    "per_sign": {
      "Capricorn": {
        "n": 396,
        "accuracy": 0.17424242424242425,
        "lift": 2.0909090909090913
      },
      "Aquarius": {
        "n": 426,
        "accuracy": 0.19953051643192488,
        "lift": 2.3943661971830985
      },
      "Pisces": {
        "n": 428,
        "accuracy": 0.45093457943925236,
        "lift": 5.4112149532710285
      },
      "Aries": {
        "n": 395,
        "accuracy": 0.03291139240506329,
        "lift": 0.39493670886075954
      },
      "Taurus": {
        "n": 429,
        "accuracy": 0.5314685314685315,
        "lift": 6.3776223776223775
      },
      "Gemini": {
        "n": 451,
        "accuracy": 0.6186252771618626,
        "lift": 7.423503325942351
      },
      "Cancer": {
        "n": 454,
        "accuracy": 0.24008810572687225,
        "lift": 2.881057268722467
      },
      "Leo": {
        "n": 394,
        "accuracy": 0.18781725888324874,
        "lift": 2.253807106598985
      },
      "Virgo": {
        "n": 372,
        "accuracy": 0.3010752688172043,
        "lift": 3.612903225806452
      },
      "Libra": {
        "n": 450,
        "accuracy": 0.2911111111111111,
        "lift": 3.493333333333333
      },
      "Scorpio": {
        "n": 389,
        "accuracy": 0.3110539845758355,
        "lift": 3.732647814910026
      },
      "Sagittarius": {
        "n": 416,
        "accuracy": 0.5841346153846154,
        "lift": 7.009615384615385
      }
    },
    "permutation_p": 0.0,
    "null_dist_mean": 0.08745880000000002,
    "null_dist_std": 0.004514401683501369
  },
  "phase2": {
    "n": 5000,
    "n_random": 200,
    "ari_zodiac_kmeans": 0.08885684904266525,
    "nmi_zodiac_kmeans": 0.15563680152925544,
    "ari_random_mean": -4.096408750285151e-05,
    "ari_random_std": 0.00029312431784194544,
    "nmi_random_mean": 0.004815180744555804,
    "nmi_random_std": 0.0006520814502528034,
    "p_ari": 0.0,
    "p_nmi": 0.0,
    "inertia_kmeans": 11306.754609057,
    "inertia_zodiac": 19251.096989444566,
    "inertia_ratio": 1.7026191559887525
  },
  "phase3": {
    "n": 5000,
    "named_accuracies": {
      "zodiac": 0.3352,
      "calendar_months": 0.2658,
      "school_year": 0.3008
    },
    "random_acc_mean": 0.380419,
    "random_acc_std": 0.04627613465923878,
    "random_acc_p5": 0.32177,
    "random_acc_p95": 0.47280999999999995,
    "p_zodiac_vs_random": 0.865,
    "zodiac_percentile": 14.499999999999998
  },
  "phase4": {
    "n": 5000,
    "bandwidth": 7,
    "smoothness_ratio": 0.01185573803543357,
    "p_smooth": 0.0,
    "null_smooth_median": 2.997932431165292,
    "scales": {
      "4": {
        "n_breakpoints": 3,
        "detected_doy": [
          105,
          180,
          325
        ],
        "reference_boundaries": [
          80,
          172,
          266
        ],
        "observed_mad": 30.666666666666668,
        "null_mad_median": 56.16666666666667,
        "null_mad_p5": 21.650000000000002,
        "p_convergence": 0.118,
        "observed_percentile": 11.799999999999999
      },
      "12": {
        "n_breakpoints": 11,
        "detected_doy": [
          20,
          50,
          80,
          105,
          140,
          170,
          180,
          230,
          265,
          295,
          325
        ],
        "reference_boundaries": [
          20,
          50,
          80,
          110,
          141,
          172,
          204,
          235,
          266,
          296,
          326
        ],
        "observed_mad": 3.6363636363636362,
        "null_mad_median": 31.863636363636363,
        "null_mad_p5": 15.990909090909092,
        "p_convergence": 0.0,
        "observed_percentile": 0.0
      },
      "36": {
        "n_breakpoints": 35,
        "detected_doy": [
          15,
          20,
          45,
          50,
          55,
          75,
          80,
          85,
          100,
          105,
          110,
          115,
          135,
          140,
          145,
          150,
          165,
          170,
          175,
          180,
          200,
          220,
          230,
          235,
          240,
          260,
          265,
          295,
          300,
          315,
          320,
          325,
          330,
          350,
          355
        ],
        "reference_boundaries": [
          11,
          21,
          31,
          42,
          52,
          62,
          72,
          82,
          92,
          102,
          113,
          123,
          133,
          143,
          153,
          163,
          173,
          184,
          194,
          204,
          214,
          224,
          234,
          244,
          254,
          265,
          275,
          285,
          295,
          305,
          315,
          325,
          336,
          346,
          356
        ],
        "observed_mad": 7.6571428571428575,
        "null_mad_median": 17.9,
        "null_mad_p5": 9.397142857142857,
        "p_convergence": 0.01,
        "observed_percentile": 1.0
      }
    }
  },
  "phase5": {
    "n": 5000,
    "bandwidth": 7,
    "k": 12,
    "valid_days": 365,
    "data_cuts_doy": [
      21,
      50,
      82,
      110,
      141,
      176,
      233,
      266,
      297,
      326,
      354
    ],
    "zodiac_boundaries": [
      20,
      50,
      80,
      110,
      141,
      172,
      204,
      235,
      266,
      296,
      326
    ],
    "observed_mad": 3.4545454545454546,
    "null_mad_median": 8.818181818181818,
    "null_mad_p5": 6.177272727272728,
    "null_mad_p95": 12.0,
    "p_convergence": 0.0,
    "observed_percentile": 0.0
  }
}